Id,Nome,Biblioteca de formas,ID da p´ágina,Contido por,Grupo,Origem da linha,Destino da linha,Seta de origem,Seta de destino,Status,Área de texto 1,Área de texto 2,Comentários
1,Documento,,,,,,,,,,Fluxo Whatsapp 2026,,
2,Página,,,,,,,,,,Page 1,,
3,SparkFrameBlock,,2,,,,,,,,FLUXO DE APRENDIZAGEM E ENGAJAMENTO,,
4,Chave dupla,Formas/contêineres de fluxograma,2,3,,,,,,,,,
5,Contêiner retangular arredondado,Formas/contêineres de fluxograma,2,3,,,,,,,,,
6,SparkFrameBlock,,2,,,,,,,,INTERAÇÃO VIA CHAT DO USUÁRIOS,,
7,SparkFrameBlock,,2,,,,,,,,FLUXO COM MENSAGENS VIA LINK,,
8,SparkFrameBlock,,2,,,,,,,,Regras de Negócio | Limitações Mensagens,,
9,Retângulo,Formas Geométricas,2,6,494,,,,,,,,
10,Bloquear,Padrão,2,6,494,,,,,,Interação usuário com o chat,,
11,Retângulo,Formas Geométricas,2,6,494,,,,,,,,
12,Retângulo,Formas Geométricas,2,6,495,,,,,,,,
13,Texto,Padrão,2,6,495,,,,,,"Oie, bom dia!",,
14,Retângulo,Formas Geométricas,2,6,496,,,,,,,,
15,Texto,Padrão,2,6,496,,,,,,Não consegui dormir hoje,,
16,Retângulo,Formas Geométricas,2,6,498,,,,,,,,
17,Bloquear,Padrão,2,6,498,,,,,,Interação pós jornada,,
18,Retângulo,Formas Geométricas,2,6,498,,,,,,,,
19,Retângulo,Formas Geométricas,2,6,499,,,,,,,,
20,Texto,Padrão,2,6,499,,,,,,"  oiee, não estou preparado responder a interações textuais por aqui ...

Vejo que não está matriculado em nenhum curso, que tal retomar seus estudos?",,
21,DividerBlock,,2,6,499,,,,,,,,
22,DividerBlock,,2,6,499,,,,,,,,
23,Imagem do usuário,Imagens do Usuário,2,6,499,,,,,,,,
24,Texto,Padrão,2,6,499,,,,,,Ver cursos sugeridos,,
25,Imagem do usuário,Imagens do Usuário,2,6,499,,,,,,,,
26,Texto,Padrão,2,6,499,,,,,,Ver todos os cursos,,
27,Retângulo,Formas Geométricas,2,6,501,,,,,,,,
28,Bloquear,Padrão,2,6,501,,,,,,Interação intra jornada,,
29,Retângulo,Formas Geométricas,2,6,501,,,,,,,,
30,Retângulo,Formas Geométricas,2,6,502,,,,,,,,
31,Texto,Padrão,2,6,502,,,,,,"  oiee, não estou preparado responder a interações textuais por aqui ...

Mas vejo que está matriculado no curso [COURSE_NAME], que tal retomar seus estudos?",,
32,DividerBlock,,2,6,502,,,,,,,,
33,DividerBlock,,2,6,502,,,,,,,,
34,Texto,Padrão,2,6,502,,,,,,Enviar Conteúdo,,
35,Texto,Padrão,2,6,502,,,,,,Suporte,,
36,Imagem do usuário,Imagens do Usuário,2,6,502,,,,,,,,
37,Imagem do usuário,Imagens do Usuário,2,6,502,,,,,,,,
38,Texto,Padrão,2,6,,,,,,,"Caso o usuário esteja em uma intra jornada, ou seja, com uma matrícula ativa ou aguardando confirmação, ele receberá essa mensagem.

Caso esteja aguardando confirmação, ao clicar será confirmado e já irá receber o primeiro conteúdo.

Se está parado aguardando conteúdo, apenas irá receber o próximo.",,
39,Texto,Padrão,2,6,,,,,,,"Se o usuário realizar uma interação textual sem nenhuma matrícula ativa (ou aguardando confirmação), ele será engajado a começar um novo curso.",,
40,Círculo,Formas Geométricas,2,6,,,,,,,,,
41,Círculo,Formas Geométricas,2,3,,,,,,,i,,
42,Retângulo,Formas Geométricas,2,3,,,,,,,,,
43,Bloquear,Padrão,2,3,,,,,,,Confirmação Matrícula,,
44,Retângulo,Formas Geométricas,2,3,,,,,,,,,
45,Retângulo,Formas Geométricas,2,3,,,,,,,,,
46,Círculo,Formas Geométricas,2,3,,,,,,,i,,
47,DividerBlock,,2,3,,,,,,,,,
48,DividerBlock,,2,3,,,,,,,,,
49,DividerBlock,,2,3,,,,,,,,,
50,Retângulo,Formas Geométricas,2,3,,,,,,,,,
51,Texto,Padrão,2,3,,,,,,,"  Olá [USER_FIRST_NAME], sua pré-inscrição no curso [COURSE_NAME] foi realizada pela [WORKSPACE_NAME].

[COURSE_DESCRIPTION]


Deseja confirmar sua matrícula?",,
52,Imagem do usuário,Imagens do Usuário,2,3,,,,,,,,,
53,Texto,Padrão,2,3,,,,,,,"Sim, quero continuar",,
54,Imagem do usuário,Imagens do Usuário,2,3,,,,,,,,,
55,Texto,Padrão,2,3,,,,,,,Não,,
56,Imagem do usuário,Imagens do Usuário,2,3,,,,,,,,,
57,Texto,Padrão,2,3,,,,,,,Suporte,,
58,Retângulo,Formas Geométricas,2,3,,,,,,,,,
59,Texto,Padrão,2,3,,,,,,,"  Sua matrícula foi confirmada com sucesso!

Vamos começar?",,
60,Imagem do usuário,Imagens do Usuário,2,3,,,,,,,,,
61,Texto,Padrão,2,3,,,,,,,Receber conteúdo,,
62,DividerBlock,,2,3,,,,,,,,,
63,DividerBlock,,2,3,,,,,,,,,
64,Imagem do usuário,Imagens do Usuário,2,3,,,,,,,,,
65,Texto,Padrão,2,3,,,,,,,Suporte,,
66,Retângulo,Formas Geométricas,2,3,,,,,,,,,
67,Bloquear,Padrão,2,3,,,,,,,ENGAJAMENTO REMATRÍCULA,,
68,Retângulo,Formas Geométricas,2,3,,,,,,,,,
69,Retângulo,Formas Geométricas,2,3,503,,,,,,,,
70,Texto,Padrão,2,3,503,,,,,,"Olá [USER_FIRST_NAME].

Temos algumas sugestões personalizadas de cursos que podem ser interessantes para você! Explore essas opções e continue seu aprendizado.",,
71,Imagem do usuário,Imagens do Usuário,2,3,503,,,,,,,,
72,Texto,Padrão,2,3,503,,,,,,Ver cursos sugeridos,,
73,Imagem do usuário,Imagens do Usuário,2,3,503,,,,,,,,
74,Texto,Padrão,2,3,503,,,,,,Ver todos os cursos,,
75,DividerBlock,,2,3,,,,,,,,,
76,DividerBlock,,2,3,,,,,,,,,
77,Retângulo,Formas Geométricas,2,3,,,,,,,,,
78,Bloquear,Padrão,2,3,,,,,,,TODOS,,
79,Retângulo,Formas Geométricas,2,3,,,,,,,,,
80,Retângulo,Formas Geométricas,2,3,504,,,,,,,,
81,Texto,Padrão,2,3,504,,,,,,"Acesse o seguinte link para acessar todos os cursos: 

[URL_EXTERNA]",,
82,Retângulo,Formas Geométricas,2,3,,,,,,,,,
83,Bloquear,Padrão,2,3,,,,,,,MATRÍCULA,,
84,Retângulo,Formas Geométricas,2,3,,,,,,,,,
85,Retângulo,Formas Geométricas,2,3,505,,,,,,,,
86,Texto,Padrão,2,3,505,,,,,,"  Sua matrícula foi confirmada com sucesso!

Solicite o envio dos conteúdos.",,
87,Retângulo,Formas Geométricas,2,3,506,,,,,,,,
88,Retângulo,Formas Geométricas,2,3,507,,,,,,,,
89,Retângulo,Formas Geométricas,2,3,507,,,,,,"Cursos Recomendados:

1 - [COURSE_NAME]: ...",,
90,Texto,Padrão,2,3,507,,,,,,CURSO 1,,
91,DividerBlock,,2,3,,,,,,,,,
92,Imagem do usuário,Imagens do Usuário,2,3,,,,,,,,,
93,Texto,Padrão,2,3,,,,,,,Receber conteúdo,,
94,Retângulo,Formas Geométricas,2,3,508,,,,,,,,
95,Retângulo,Formas Geométricas,2,3,508,,,,,,"  Olá Rangel, sua pré-inscrição no curso [COURSE_NAME] foi realizada pela [WORKSPACE_NAME]",,
96,Texto,Padrão,2,3,508,,,,,,"Sim, quero continuar",,
97,Imagem do usuário,Imagens do Usuário,2,3,,,,,,,,,
98,Imagem do usuário,Imagens do Usuário,2,3|5,509,,,,,,,,
99,Retângulo,,2,3|5,509,,,,,,[QUIZ_NAME],,
100,Retângulo,,2,3|5,509,,,,,,[QUIZ_QUESTION],,
101,Retângulo,,2,3|5,509,,,,,,[QUESTION_ALTERNATIVE],,
102,Retângulo,,2,3|5,509,,,,,,[QUESTION_ALTERNATIVE],,
103,Retângulo,,2,3|5,509,,,,,,[QUESTION_ALTERNATIVE],,
104,Retângulo,,2,3|5,509,,,,,,[QUESTION_ALTERNATIVE],,
105,Retângulo,Formas Geométricas,2,3,510,,,,,,,,
106,Bloquear,Padrão,2,3,510,,,,,,Finalizando,,
107,Retângulo,Formas Geométricas,2,3,510,,,,,,,,
108,Retângulo,Formas Geométricas,2,3,510,,,,,,,,
109,Retângulo,Formas Geométricas,2,3,511,,,,,,,,
110,Retângulo,Formas Geométricas,2,3,511,,,,,,"  Olá Rangel, conforme planejado, segue seu conteúdo  ",,
111,Texto,Padrão,2,3,511,,,,,,Receber conteúdo,,
112,Retângulo,Formas Geométricas,2,3,512,,,,,,,,
113,Texto,Padrão,2,3,512,,,,,,Você chegou ao final do curso e já pode receber o seu certificado.,,
114,Texto,Padrão,2,3,512,,,,,,Emitir Certificado,,
115,DividerBlock,,2,3,512,,,,,,,,
116,Imagem do usuário,Imagens do Usuário,2,3,512,,,,,,,,
117,Retângulo,Formas Geométricas,2,3,510,,,,,,,,
118,Retângulo,Formas Geométricas,2,3,513,,,,,,,,
119,Retângulo,Formas Geométricas,2,3,513,,,,,,Você chegou ao final do curso e já pode receber o seu certificado.,,
120,Texto,Padrão,2,3,513,,,,,,Emitir Certificado,,
121,Retângulo,Formas Geométricas,2,3,514,,,,,,,,
122,Texto,Padrão,2,3,514,,,,,,  OK!! Seu certificado está sendo gerado .... aguarde,,
123,Retângulo,Formas Geométricas,2,3,515,,,,,,,,
124,Texto,Padrão,2,3,515,,,,,,"  Parabéns Rangel, você concluiu o curso [COURSE_NAME]!",,
125,Retângulo,Formas Geométricas,2,3,510,,,,,,,,
126,Imagem do usuário,Imagens do Usuário,2,3,510,,,,,,,,
127,Texto,Padrão,2,3,510,,,,,,certificado_[COURSE_NAME],,
128,Texto,Padrão,2,3,510,,,,,,328 KB - pdf,,
129,Retângulo,Formas Geométricas,2,3,516,,,,,,,,
130,Bloquear,Padrão,2,3,516,,,,,,SUGERIDOS,,
131,Retângulo,Formas Geométricas,2,3,516,,,,,,,,
132,Retângulo,Formas Geométricas,2,3,517,,,,,,,,
133,Texto,Padrão,2,3,517,,,,,,"Cursos Recomendados

1 - [COURSE_NAME]: 

2 - [COURSE_NAME]: 

2 - [COURSE_NAME]: 

Escolha um curso nos botões abaixo para começar!  ",,
134,Imagem do usuário,Imagens do Usuário,2,3,517,,,,,,,,
135,Texto,Padrão,2,3,517,,,,,,Curso 1,,
136,Imagem do usuário,Imagens do Usuário,2,3,517,,,,,,,,
137,Texto,Padrão,2,3,517,,,,,,Curso 2,,
138,Imagem do usuário,Imagens do Usuário,2,3,517,,,,,,,,
139,Texto,Padrão,2,3,517,,,,,,Curso 3,,
140,DividerBlock,,2,3,516,,,,,,,,
141,DividerBlock,,2,3,516,,,,,,,,
142,DividerBlock,,2,3,516,,,,,,,,
143,Círculo,Formas Geométricas,2,3,,,,,,,,,
144,Círculo,Formas Geométricas,2,3,,,,,,,,,
145,Círculo,Formas Geométricas,2,3,,,,,,,,,
146,Texto,Padrão,2,3,,,,,,,Mensagens Curso/Conteúdo (Template Utility Meta),,
147,Texto,Padrão,2,3,,,,,,,Mensagens Push (Template Marketing Meta),,
148,Retângulo,Formas Geométricas,2,3|4,519,,,,,,,,
149,Bloquear,Padrão,2,3|4,519,,,,,,Conteúdo Vídeo,,
150,Retângulo,Formas Geométricas,2,3|4,519,,,,,,,,
151,Retângulo,Formas Geométricas,2,3|4,519,,,,,,,,
152,Retângulo,Formas Geométricas,2,3|4,520,,,,,,,,
153,Retângulo,Formas Geométricas,2,3|4,520,,,,,,"  Sua matrícula foi confirmada com sucesso!

Sobre o curso: ",,
154,Texto,Padrão,2,3|4,520,,,,,,Receber conteúdo,,
155,Retângulo,Formas Geométricas,2,3|4,521,,,,,,,,
156,Texto,Padrão,2,3|4,521,,,,,,[CONTENT_DESCRIPTION],,
157,Retângulo,Formas Geométricas,2,3|4,522,,,,,,,,
158,Texto,Padrão,2,3|4,522,,,,,,"Ao concluir o conteúdo, solicite o próximo o quanto antes!",,
159,Imagem do usuário,Imagens do Usuário,2,3|4,522,,,,,,,,
160,Texto,Padrão,2,3|4,522,,,,,,Receber conteúdo,,
161,Imagem do usuário,Imagens do Usuário,2,3|4,522,,,,,,,,
162,Texto,Padrão,2,3|4,522,,,,,,Suporte,,
163,Imagem do usuário,Imagens do Usuário,2,3|4,519,,,,,,,,
164,DividerBlock,,2,3|4,518,,,,,,,,
165,DividerBlock,,2,3|4,518,,,,,,,,
166,Retângulo,Formas Geométricas,2,3|4,524,,,,,,,,
167,Bloquear,Padrão,2,3|4,524,,,,,,Conteúdo Imagem,,
168,Retângulo,Formas Geométricas,2,3|4,524,,,,,,,,
169,Retângulo,Formas Geométricas,2,3|4,524,,,,,,,,
170,Retângulo,Formas Geométricas,2,3|4,525,,,,,,,,
171,Retângulo,Formas Geométricas,2,3|4,525,,,,,,"  Sua matrícula foi confirmada com sucesso!

Sobre o curso: ",,
172,Texto,Padrão,2,3|4,525,,,,,,Receber conteúdo,,
173,Retângulo,Formas Geométricas,2,3|4,526,,,,,,,,
174,Texto,Padrão,2,3|4,526,,,,,,[CONTENT_DESCRIPTION],,
175,Retângulo,Formas Geométricas,2,3|4,527,,,,,,,,
176,Texto,Padrão,2,3|4,527,,,,,,"Ao concluir o conteúdo, solicite o próximo o quanto antes!",,
177,Imagem do usuário,Imagens do Usuário,2,3|4,527,,,,,,,,
178,Texto,Padrão,2,3|4,527,,,,,,Receber conteúdo,,
179,Imagem do usuário,Imagens do Usuário,2,3|4,527,,,,,,,,
180,Texto,Padrão,2,3|4,527,,,,,,Suporte,,
181,DividerBlock,,2,3|4,523,,,,,,,,
182,DividerBlock,,2,3|4,523,,,,,,,,
183,Retângulo,Formas Geométricas,2,3|4,529,,,,,,,,
184,Bloquear,Padrão,2,3|4,529,,,,,,Conteúdo Podcast,,
185,Retângulo,Formas Geométricas,2,3|4,529,,,,,,,,
186,Retângulo,Formas Geométricas,2,3|4,529,,,,,,,,
187,Retângulo,Formas Geométricas,2,3|4,530,,,,,,,,
188,Retângulo,Formas Geométricas,2,3|4,530,,,,,,"  Sua matrícula foi confirmada com sucesso!

Sobre o curso: ",,
189,Texto,Padrão,2,3|4,530,,,,,,Receber conteúdo,,
190,Retângulo,Formas Geométricas,2,3|4,531,,,,,,,,
191,Texto,Padrão,2,3|4,531,,,,,,[CONTENT_DESCRIPTION],,
192,Retângulo,Formas Geométricas,2,3|4,532,,,,,,,,
193,Texto,Padrão,2,3|4,532,,,,,,"Ao concluir o conteúdo, solicite o próximo o quanto antes!",,
194,Imagem do usuário,Imagens do Usuário,2,3|4,532,,,,,,,,
195,Texto,Padrão,2,3|4,532,,,,,,Receber conteúdo,,
196,Imagem do usuário,Imagens do Usuário,2,3|4,532,,,,,,,,
197,Texto,Padrão,2,3|4,532,,,,,,Suporte,,
198,DividerBlock,,2,3|4,528,,,,,,,,
199,DividerBlock,,2,3|4,528,,,,,,,,
200,Retângulo,Formas Geométricas,2,3|4,534,,,,,,,,
201,Bloquear,Padrão,2,3|4,534,,,,,,Conteúdo PDF,,
202,Retângulo,Formas Geométricas,2,3|4,534,,,,,,,,
203,Retângulo,Formas Geométricas,2,3|4,534,,,,,,,,
204,Retângulo,Formas Geométricas,2,3|4,535,,,,,,,,
205,Retângulo,Formas Geométricas,2,3|4,535,,,,,,"  Sua matrícula foi confirmada com sucesso!

Sobre o curso: ",,
206,Texto,Padrão,2,3|4,535,,,,,,Receber conteúdo,,
207,Retângulo,Formas Geométricas,2,3|4,536,,,,,,,,
208,Texto,Padrão,2,3|4,536,,,,,,[CONTENT_DESCRIPTION],,
209,Retângulo,Formas Geométricas,2,3|4,537,,,,,,,,
210,Texto,Padrão,2,3|4,537,,,,,,"Ao concluir o conteúdo, solicite o próximo o quanto antes!",,
211,Imagem do usuário,Imagens do Usuário,2,3|4,537,,,,,,,,
212,Texto,Padrão,2,3|4,537,,,,,,Receber conteúdo,,
213,Imagem do usuário,Imagens do Usuário,2,3|4,537,,,,,,,,
214,Texto,Padrão,2,3|4,537,,,,,,Suporte,,
215,Retângulo,Formas Geométricas,2,3|4,538,,,,,,,,
216,DividerBlock,,2,3|4,533,,,,,,,,
217,DividerBlock,,2,3|4,533,,,,,,,,
218,Imagem do usuário,Imagens do Usuário,2,3|4,,,,,,,,,
219,Imagem do usuário,Imagens do Usuário,2,3|4,,,,,,,,,
220,Imagem do usuário,Imagens do Usuário,2,3|5,540,,,,,,,,
221,Retângulo,,2,3|5,540,,,,,,workspace_color,,
222,Retângulo,,2,3|5,540,,,,,,[QUIZ_NAME],,
223,Retângulo,,2,3|5,540,,,,,,[WORKSAPCE _LOGO],,
224,Texto,Padrão,2,3|5,540,,,,,,"Parabéns, 
Você finalizou o Quiz",,
225,Texto,Padrão,2,3|5,540,,,,,,Você acertou 3 perguntas de 3,,
226,Imagem do usuário,Imagens do Usuário,2,3|5,539,,,,,,,,
227,Imagem do usuário,Imagens do Usuário,2,3|5,541,,,,,,,,
228,Retângulo,,2,3|5,541,,,,,,[QUIZ_SEARCH_NAME],,
229,Retângulo,,2,3|5,541,,,,,,[QUIZ_SEARCH_QUESTION],,
230,Retângulo,,2,3|5,541,,,,,,[QUESTION_ALTERNATIVE],,
231,Retângulo,,2,3|5,541,,,,,,[QUESTION_ALTERNATIVE],,
232,Retângulo,,2,3|5,541,,,,,,[QUESTION_ALTERNATIVE],,
233,Retângulo,,2,3|5,541,,,,,,[QUESTION_ALTERNATIVE],,
234,Imagem do usuário,Imagens do Usuário,2,3|5,542,,,,,,,,
235,Retângulo,,2,3|5,542,,,,,,[QUIZ_SEARCH_NAME],,
236,Retângulo,,2,3|5,542,,,,,,[QUIZ_SEARCH_QUESTION],,
237,Retângulo,,2,3|5,542,,,,,,,,
238,Retângulo,,2,3|5,542,,,,,,Deixe seu comentário aqui ...,,
239,Retângulo,Formas Geométricas,2,3|4,,,,,,,,,
240,Bloquear,Padrão,2,3|4,,,,,,,Quiz,,
241,Retângulo,Formas Geométricas,2,3|4,,,,,,,,,
242,Retângulo,Formas Geométricas,2,3|4,,,,,,,,,
243,Texto,Padrão,2,3|4,,,,,,,"  Olá [USER_FIRST_NAME]

[QUIZ_SEARCH_NAME]

[QUIZ_SEACH_DESCRIPTION]

  Responda a pesquisa por aqui:
https://keeps.page.link/JN3a",,
244,Texto,Padrão,2,3|4,,,,,,,Receber conteúdo,,
245,DividerBlock,,2,3|4,,,,,,,,,
246,DividerBlock,,2,3|4,,,,,,,,,
247,Retângulo,Formas Geométricas,2,3|4,543,,,,,,,,
248,Retângulo,Formas Geométricas,2,3|4,544,,,,,,,,
249,Retângulo,Formas Geométricas,2,3|4,544,,,,,," Conteúdo.
[CONTENT_DESCRIPTION]",,
250,Texto,Padrão,2,3|4,544,,,,,,Receber conteúdo,,
251,Texto,Padrão,2,3|4,,,,,,,Suporte,,
252,Bloquear,Padrão,2,3|4,,,,,,,Pesquisa Satisfação,,
253,Imagem do usuário,Imagens do Usuário,2,3|5,545,,,,,,,,
254,Retângulo,,2,3|5,545,,,,,,[QUIZ_SEARCH_NAME],,
255,Retângulo,,2,3|5,545,,,,,,[NPS_QUESTION],,
256,Retângulo,,2,3|5,545,,,,,,1,,
257,Retângulo,,2,3|5,545,,,,,,2,,
258,Retângulo,,2,3|5,545,,,,,,3,,
259,Retângulo,,2,3|5,545,,,,,,4,,
260,Imagem do usuário,Imagens do Usuário,2,3|5,548,,,,,,,,
261,Retângulo,,2,3|5,548,,,,,,workspace_color,,
262,Retângulo,,2,3|5,548,,,,,,[QUIZ_NAME],,
263,Retângulo,,2,3|5,548,,,,,,[WORKSAPCE _LOGO],,
264,Texto,Padrão,2,3|5,548,,,,,,"Obrigado, 
sua opnião é muito importante para nós",,
265,Imagem do usuário,Imagens do Usuário,2,3|5,546,,,,,,,,
266,Imagem do usuário,Imagens do Usuário,2,3,,,,,,,,,
267,Texto,Padrão,2,3,,,,,,,Suporte,,
268,Imagem do usuário,Imagens do Usuário,2,3,,,,,,,,,
269,DividerBlock,,2,3,,,,,,,,,
270,Retângulo,Formas Geométricas,2,3,549,,,,,,,,
271,Bloquear,Padrão,2,3,549,,,,,,CANCELAMENTO PRÉ-MATRÍCULA,,
272,Retângulo,Formas Geométricas,2,3,549,,,,,,,,
273,Retângulo,Formas Geométricas,2,3,550,,,,,,,,
274,Retângulo,Formas Geométricas,2,3,550,,,,,,"  Olá Rangel, sua pré-inscrição no curso [COURSE_NAME] foi realizada pela [WORKSPACE_NAME]",,
275,Texto,Padrão,2,3,550,,,,,,Não,,
276,Retângulo,Formas Geométricas,2,3,551,,,,,,,,
277,Texto,Padrão,2,3,551,,,,,,"  ahh que pena! Não será dessa vez que iremos aprender mais juntos ...

Mas tudo bem, caso queira retomar esse curso ou outro posso te ajudar com sugestões:
",,
278,DividerBlock,,2,3,,,,,,,,,
279,DividerBlock,,2,3,,,,,,,,,
280,Imagem do usuário,Imagens do Usuário,2,3,,,,,,,,,
281,Texto,Padrão,2,3,,,,,,,Ver cursos sugeridos,,
282,Imagem do usuário,Imagens do Usuário,2,3,,,,,,,,,
283,Texto,Padrão,2,3,,,,,,,Ver todos os cursos,,
284,Retângulo,Formas Geométricas,2,3,,,,,,,,,
285,Bloquear,Padrão,2,3,,,,,,,QUIZ SEM RESPOSTA,,
286,Retângulo,Formas Geométricas,2,3,,,,,,,,,
287,Retângulo,Formas Geométricas,2,3,552,,,,,,,,
288,Texto,Padrão,2,3,552,,,,,,"Ei!  Os conteúdos do curso já foram enviados, mas você ainda não respondeu todas as questões do(s) quiz(zes). Bora finalizar? É só responder rapidinho e garantir que o aprendizado fique na memória   ",,
289,Retângulo,Formas Geométricas,2,3,553,,,,,,,,
290,Retângulo,Formas Geométricas,2,3,554,,,,,,,,
291,Retângulo,Formas Geométricas,2,3,554,,,,,," Conteúdo.
[CONTENT_DESCRIPTION]",,
292,Texto,Padrão,2,3,554,,,,,,Receber conteúdo,,
293,Imagem do usuário,Imagens do Usuário,2,3,,,,,,,,,
294,Imagem do usuário,Imagens do Usuário,2,3,,,,,,,,,
295,DividerBlock,,2,3,,,,,,,,,
296,DividerBlock,,2,3,,,,,,,,,
297,Texto,Padrão,2,3,,,,,,,Já Respondi Todos!,,
298,Texto,Padrão,2,3,,,,,,,Suporte,,
299,Círculo,Formas Geométricas,2,3|4,,,,,,,,,
300,Círculo,Formas Geométricas,2,3|4,,,,,,,,,
301,Círculo,Formas Geométricas,2,3|4,,,,,,,,,
302,Círculo,Formas Geométricas,2,3|4,,,,,,,,,
303,Círculo,Formas Geométricas,2,3|4,,,,,,,,,
304,Círculo,Formas Geométricas,2,3|4,,,,,,,,,
305,Círculo,Formas Geométricas,2,3,,,,,,,,,
306,Círculo,Formas Geométricas,2,3,,,,,,,,,
307,Círculo,Formas Geométricas,2,3,,,,,,,,,
308,Círculo,Formas Geométricas,2,3,,,,,,,,,
309,Círculo,Formas Geométricas,2,3,,,,,,,,,
310,Círculo,Formas Geométricas,2,3,,,,,,,,,
311,Círculo,Formas Geométricas,2,3,,,,,,,,,
312,Círculo,Formas Geométricas,2,3,,,,,,,,,
313,MinimalTextBlock,Padrão,2,3,,,,,,,NAVEGADOR WEB,,
314,Retângulo,Formas Geométricas,2,3,555,,,,,,,,
315,Bloquear,Padrão,2,3,555,,,,,,CANCELAMENTO POR INATIVIDADE (14 dias),,
316,Retângulo,Formas Geométricas,2,3,555,,,,,,,,
317,Retângulo,Formas Geométricas,2,3,556,,,,,,,,
318,Texto,Padrão,2,3,556,,,,,,"   ahh que pena! Você ainda não concluiu esse curso ...

Mas tudo bem, caso queira retomar basta solicitar o próximo conteúdo.

Caso não de continuidade sua 
matrícula será cancelada amanhã!

Que tal continuar agora mesmo?",,
319,DividerBlock,,2,3,555,,,,,,,,
320,DividerBlock,,2,3,555,,,,,,,,
321,Texto,Padrão,2,3,555,,,,,,Voltar a aprender,,
322,Texto,Padrão,2,3,555,,,,,,Cancelar minha matrícula,,
323,Imagem do usuário,Imagens do Usuário,2,3,555,,,,,,,,
324,Imagem do usuário,Imagens do Usuário,2,3,555,,,,,,,,
325,Círculo,Formas Geométricas,2,3,,,,,,,,,
326,Retângulo,Formas Geométricas,2,3,558,,,,,,,,
327,Bloquear,Padrão,2,3,558,,,,,,24 horas,,
328,Retângulo,Formas Geométricas,2,3,558,,,,,,,,
329,Retângulo,Formas Geométricas,2,3,559,,,,,,,,
330,Texto,Padrão,2,3,559,,,,,,"  Olá, [USER_FIRST_NAME], você ainda tem conteúdos do curso [COURSE_NAME] a ser realizado.

Que tal voltar aos estudos agora?",,
331,DividerBlock,,2,3,558,,,,,,,,
332,DividerBlock,,2,3,558,,,,,,,,
333,Texto,Padrão,2,3,558,,,,,,Próximo Conteúdo,,
334,Texto,Padrão,2,3,558,,,,,,Suporte,,
335,Imagem do usuário,Imagens do Usuário,2,3,558,,,,,,,,
336,Imagem do usuário,Imagens do Usuário,2,3,558,,,,,,,,
337,DividerBlock,,2,3,558,,,,,,,,
338,Imagem do usuário,Imagens do Usuário,2,3,558,,,,,,,,
339,Texto,Padrão,2,3,557,,,,,,Desistir desse curso,,
340,Círculo,Formas Geométricas,2,6,,,,,,,,,
341,Imagem do usuário,Imagens do Usuário,2,3|4,,,,,,,,,
342,Imagem do usuário,Imagens do Usuário,2,3|4,,,,,,,,,
343,Imagem do usuário,Imagens do Usuário,2,3|4,,,,,,,,,
344,Texto,Padrão,2,3|4,,,,,,,[CONTENT_NAME,,
345,Texto,Padrão,2,3|4,,,,,,,"OBS.: A ordem dos conteúdos podem variar de acordo com o seu projeto, não sendo obrigatório seguir o exemplo aqui apresentado (apenas ilustrativo)",,
346,Retângulo,Formas Geométricas,2,7,561,,,,,,,,
347,Bloquear,Padrão,2,7,561,,,,,,Conteúdo Via Link,,
348,Retângulo,Formas Geométricas,2,7,561,,,,,,,,
349,Retângulo,Formas Geométricas,2,7,561,,,,,,,,
350,Retângulo,Formas Geométricas,2,7,562,,,,,,,,
351,Retângulo,Formas Geométricas,2,7,562,,,,,,"  Sua matrícula foi confirmada com sucesso!

Sobre o curso: ",,
352,Texto,Padrão,2,7,562,,,,,,Receber conteúdo,,
353,Retângulo,Formas Geométricas,2,7,563,,,,,,,,
354,Retângulo,Formas Geométricas,2,7,564,,,,,,,,
355,Texto,Padrão,2,7,564,,,,,,"Ao concluir o conteúdo, solicite o próximo o quanto antes!",,
356,Imagem do usuário,Imagens do Usuário,2,7,564,,,,,,,,
357,Texto,Padrão,2,7,564,,,,,,Receber conteúdo,,
358,Imagem do usuário,Imagens do Usuário,2,7,564,,,,,,,,
359,Texto,Padrão,2,7,564,,,,,,Suporte,,
360,Texto,Padrão,2,7,561,,,,,,"  [USER_FIRST_NAME], segue seu conteúdo.

[CONTENT_NAME]

[CONTENT_DESCRIPTION]

  Acesse por aqui:
https://keeps.page.link/JN3a",,
361,DividerBlock,,2,7,560,,,,,,,,
362,DividerBlock,,2,7,560,,,,,,,,
363,Círculo,Formas Geométricas,2,7,,,,,,,,,
364,Imagem do usuário,Imagens do Usuário,2,7,565,,,,,,,,
365,Retângulo,,2,7,565,,,,,,[CONTENT_NAME],,
366,Retângulo,,2,7,565,,,,,,,,
367,Imagem do usuário,Imagens do Usuário,2,7,,,,,,,,,
368,Imagem do usuário,Imagens do Usuário,2,7,566,,,,,,,,
369,Retângulo,,2,7,566,,,,,,[CONTENT_NAME],,
370,Retângulo,,2,7,566,,,,,,,,
371,Imagem do usuário,Imagens do Usuário,2,7,,,,,,,,,
372,Imagem do usuário,Imagens do Usuário,2,7,567,,,,,,,,
373,Retângulo,,2,7,567,,,,,,[CONTENT_NAME],,
374,Retângulo,,2,7,567,,,,,,,,
375,Imagem do usuário,Imagens do Usuário,2,7,,,,,,,,,
376,Texto,Padrão,2,7,,,,,,,VÍDEO,,
377,Texto,Padrão,2,7,,,,,,,PODCAST,,
378,Texto,Padrão,2,7,,,,,,,PDF,,
379,Imagem do usuário,Imagens do Usuário,2,7,568,,,,,,,,
380,Retângulo,,2,7,568,,,,,,[CONTENT_NAME],,
381,Retângulo,,2,7,568,,,,,,,,
382,Texto,Padrão,2,7,,,,,,,IMAGEM,,
383,Imagem do usuário,Imagens do Usuário,2,7,,,,,,,,,
384,Texto,Padrão,2,7,,,,,,,"Para qualquer tipo de conteúdo, a mensagem será sempre a mesma",,
385,Texto,Padrão,2,7,,,,,,,"No caso dos conteúdos serem distribuídos via link, uma página web será aberta no navegador do usuários e todos os dados serão rastreáveis.",,
386,Retângulo,Formas Geométricas,2,8,,,,,,,,,
387,Bloquear,Padrão,2,8,,,,,,,Confirmação Matrícula,,
388,Retângulo,Formas Geométricas,2,8,,,,,,,,,
389,Retângulo,Formas Geométricas,2,8,,,,,,,,,
390,Círculo,Formas Geométricas,2,8,,,,,,,i,,
391,DividerBlock,,2,8,,,,,,,,,
392,DividerBlock,,2,8,,,,,,,,,
393,DividerBlock,,2,8,,,,,,,,,
394,Retângulo,Formas Geométricas,2,8,,,,,,,,,
395,Texto,Padrão,2,8,,,,,,,"  Olá [USER_FIRST_NAME], sua pré-inscrição no curso [COURSE_NAME] foi realizada pela [WORKSPACE_NAME].

Os conteúdos do curso serão enviados diretamente no seu WhatsApp e você pode estudar no seu ritmo solicitando os próximos materiais sempre que desejar.


Deseja confirmar sua matrícula?",,
396,Imagem do usuário,Imagens do Usuário,2,8,,,,,,,,,
397,Texto,Padrão,2,8,,,,,,,"Sim, quero continuar",,
398,Imagem do usuário,Imagens do Usuário,2,8,,,,,,,,,
399,Texto,Padrão,2,8,,,,,,,Não,,
400,Imagem do usuário,Imagens do Usuário,2,8,,,,,,,,,
401,Texto,Padrão,2,8,,,,,,,Suporte,,
402,Retângulo,Formas Geométricas,2,8,,,,,,,,,
403,Texto,Padrão,2,8,,,,,,,"  Sua matrícula foi confirmada com sucesso!

Sobre o curso: 
[COURSE_DESCRIPTION]",,
404,Imagem do usuário,Imagens do Usuário,2,8,,,,,,,,,
405,Texto,Padrão,2,8,,,,,,,Receber conteúdo,,
406,DividerBlock,,2,8,,,,,,,,,
407,DividerBlock,,2,8,,,,,,,,,
408,Imagem do usuário,Imagens do Usuário,2,8,,,,,,,,,
409,Texto,Padrão,2,8,,,,,,,Suporte,,
410,Retângulo,Formas Geométricas,2,8,569,,,,,,,,
411,Retângulo,Formas Geométricas,2,8,569,,,,,,"  Olá Rangel, sua pré-inscrição no curso [COURSE_NAME] foi realizada pela [WORKSPACE_NAME]",,
412,Texto,Padrão,2,8,569,,,,,,"Sim, quero continuar",,
413,Círculo,Formas Geométricas,2,8,,,,,,,,,
414,Retângulo,Formas Geométricas,2,8,570,,,,,,,,
415,Bloquear,Padrão,2,8,570,,,,,,Pré-Inscrição,,
416,Retângulo,Formas Geométricas,2,8,570,,,,,,,,
417,Retângulo,Formas Geométricas,2,8,570,,,,,,,,
418,DividerBlock,,2,8,570,,,,,,,,
419,DividerBlock,,2,8,570,,,,,,,,
420,DividerBlock,,2,8,570,,,,,,,,
421,Texto,Padrão,2,8,570,,,,,,"  Olá [USER_FIRST_NAME], sua pré-inscrição no curso [COURSE_NAME] foi realizada pela [WORKSPACE_NAME].

Os conteúdos do curso serão enviados diretamente no seu WhatsApp e você pode estudar no seu ritmo solicitando os próximos materiais sempre que desejar.


Deseja confirmar sua matrícula?",,
422,Imagem do usuário,Imagens do Usuário,2,8,570,,,,,,,,
423,Texto,Padrão,2,8,570,,,,,,"Sim, quero continuar",,
424,Imagem do usuário,Imagens do Usuário,2,8,570,,,,,,,,
425,Texto,Padrão,2,8,570,,,,,,Não,,
426,Imagem do usuário,Imagens do Usuário,2,8,570,,,,,,,,
427,Texto,Padrão,2,8,570,,,,,,Suporte,,
428,Círculo,Formas Geométricas,2,8,570,,,,,,,,
429,Retângulo,Formas Geométricas,2,3,571,,,,,,,,
430,Bloquear,Padrão,2,3,571,,,,,,Pré-Inscrição,,
431,Retângulo,Formas Geométricas,2,3,571,,,,,,,,
432,Retângulo,Formas Geométricas,2,3,571,,,,,,,,
433,DividerBlock,,2,3,571,,,,,,,,
434,DividerBlock,,2,3,571,,,,,,,,
435,DividerBlock,,2,3,571,,,,,,,,
436,Texto,Padrão,2,3,571,,,,,,"  Olá [USER_FIRST_NAME], sua pré-inscrição no curso [COURSE_NAME] foi realizada pela [WORKSPACE_NAME].

[COURSE_DESCRIPTION]


Deseja confirmar sua matrícula?",,
437,Imagem do usuário,Imagens do Usuário,2,3,571,,,,,,,,
438,Texto,Padrão,2,3,571,,,,,,"Sim, quero continuar",,
439,Imagem do usuário,Imagens do Usuário,2,3,571,,,,,,,,
440,Texto,Padrão,2,3,571,,,,,,Não,,
441,Imagem do usuário,Imagens do Usuário,2,3,571,,,,,,,,
442,Texto,Padrão,2,3,571,,,,,,Suporte,,
443,Círculo,Formas Geométricas,2,3,571,,,,,,,,
444,Retângulo,Formas Geométricas,2,3|4,572,,,,,,,,
445,Retângulo,Formas Geométricas,2,3|4,572,,,,,,,,
446,Retângulo,Formas Geométricas,2,3|4,572,,,,,,,,
447,Texto,Padrão,2,3|4,572,,,,,,"  Olá [USER_FIRST_NAME]!

[QUIZ_NAME]

[QUIZ_DESCRIPTION]

  Responda o quiz por aqui:
https://keeps.page.link/JN3a",,
448,Texto,Padrão,2,3|4,572,,,,,,Receber conteúdo,,
449,DividerBlock,,2,3|4,572,,,,,,,,
450,DividerBlock,,2,3|4,572,,,,,,,,
451,Retângulo,Formas Geométricas,2,3|4,573,,,,,,,,
452,Retângulo,Formas Geométricas,2,3|4,574,,,,,,,,
453,Retângulo,Formas Geométricas,2,3|4,574,,,,,," Conteúdo.
[CONTENT_DESCRIPTION]",,
454,Texto,Padrão,2,3|4,574,,,,,,Receber conteúdo,,
455,Texto,Padrão,2,3|4,572,,,,,,Suporte,,
456,Bloquear,Padrão,2,3|4,572,,,,,,Quiz Avaliativo,,
457,Texto,Padrão,2,3|5,,,,,,,"Cores do quiz como box, contornos e botões, são customziados de acordo com a cor definida da workspace.

A tela final de cada quiz, é customizada com a cor da workspace e logo.",,
458,Retângulo,Formas Geométricas,2,6,576,,,,,,,,
459,Bloquear,Padrão,2,6,576,,,,,,Interação pós jornada,,
460,Retângulo,Formas Geométricas,2,6,576,,,,,,,,
461,Retângulo,Formas Geométricas,2,6,577,,,,,,,,
462,Texto,Padrão,2,6,577,,,,,,"  oiee, não estou preparado responder a interações textuais por aqui ...

Em caso de dúvidas consulte nosso suporte",,
463,DividerBlock,,2,6,577,,,,,,,,
464,Imagem do usuário,Imagens do Usuário,2,6,577,,,,,,,,
465,Texto,Padrão,2,6,577,,,,,,Suporte,,
466,Texto,Padrão,2,6,,,,,,,"Se o usuário realizar uma interação textual sem nenhuma matrícula ativa (ou aguardando confirmação), e a workspace está configurada para não retornar recomendação, retornar com uma mensagem padrão.",,
467,Círculo,Formas Geométricas,2,6,,,,,,,,,
468,Linha,,2,,,11,38,None,Arrow,,,,
469,Linha,,2,,,38,27,None,Arrow,,,,
470,Linha,,2,,,11,39,None,Arrow,,,,
471,Linha,,2,,,39,16,None,Arrow,,,,
472,Linha,,2,,,438,43,CircleClosed,Equilateral Arrow,,,,
473,Linha,,2,,,61,148,CircleClosed,Equilateral Arrow,,,,
474,Linha,,2,,,69,130,CircleClosed,Equilateral Arrow,,,,
475,Linha,,2,,,69,77,CircleClosed,Equilateral Arrow,,,,
476,Linha,,2,,,132,83,CircleClosed,Equilateral Arrow,,,,
477,Linha,,2,,,440,271,CircleClosed,Equilateral Arrow,,"Caso não deseje continuar 
o curso ainda na pré-matricula",,
478,Linha,,2,,,105,266,None,Arrow,,"1 DIA DEPOIS
(opcional por workspace)",,
479,Linha,,2,,,4,316,CircleClosed,Equilateral Arrow,,"A qualquer momento da jornada (intra)
que o usuário se encontra a 15 dias
sem atividade inicia o processo de
cancelamento automático da matrícula",,
480,Linha,,2,,,97,326,CircleClosed,Equilateral Arrow,,"Push de engajamento
Se 24 horas depois do último
conteúdo não tiver nenhuma interação",,
481,Linha,,2,,,160,167,CircleClosed,Equilateral Arrow,,,,
482,Linha,,2,,,176,184,CircleClosed,Equilateral Arrow,,,,
483,Linha,,2,,,195,200,CircleClosed,Equilateral Arrow,,,,
484,Linha,,2,,,447,98,CircleClosed,Equilateral Arrow,,,,
485,Linha,,2,,,243,227,CircleClosed,Equilateral Arrow,,,,
486,Linha,,2,,,244,106,CircleClosed,Equilateral Arrow,,,,
487,Linha,,2,,,266,66,None,Arrow,,,,
488,Linha,,2,,,93,4,CircleClosed,Equilateral Arrow,,"Ao selecionar uma das opções via chat,
realiza a matrícula sem necessidade de confirmar",,
489,Linha,,2,,,4,97,None,Arrow,,1 DIA DEPOIS,,
490,Linha,,2,,,284,284,CircleClosed,Equilateral Arrow,,"Se matêm no loop até 
responder todos os quizes",,
491,Linha,,2,,,4,285,CircleClosed,Equilateral Arrow,,"Se for o último conteúdo
e tiver quizes sem resposta, emite um 
alerta solicitando responder o quiz.",,
492,Linha,,2,,,466,458,None,Arrow,,,,
493,Linha,,2,,,9,466,None,Arrow,,,,
494,Grupo 1,,2,,,,,,,,,,
495,Grupo 2,,2,,494,,,,,,,,
496,Grupo 3,,2,,494,,,,,,,,
497,Grupo 4,,2,,,,,,,,,,
498,Grupo 5,,2,,497,,,,,,,,
499,Grupo 6,,2,,497,,,,,,,,
500,Grupo 7,,2,,,,,,,,,,
501,Grupo 8,,2,,500,,,,,,,,
502,Grupo 9,,2,,500,,,,,,,,
503,Grupo 10,,2,,,,,,,,,,
504,Grupo 11,,2,,,,,,,,,,
505,Grupo 12,,2,,,,,,,,,,
506,Grupo 13,,2,,,,,,,,,,
507,Grupo 14,,2,,506,,,,,,,,
508,Grupo 15,,2,,,,,,,,,,
509,Grupo 16,,2,,,,,,,,,,
510,Grupo 17,,2,,,,,,,,,,
511,Grupo 18,,2,,510,,,,,,,,
512,Grupo 19,,2,,510,,,,,,,,
513,Grupo 20,,2,,510,,,,,,,,
514,Grupo 21,,2,,510,,,,,,,,
515,Grupo 22,,2,,510,,,,,,,,
516,Grupo 23,,2,,,,,,,,,,
517,Grupo 24,,2,,516,,,,,,,,
518,Grupo 25,,2,,,,,,,,,,
519,Grupo 26,,2,,518,,,,,,,,
520,Grupo 27,,2,,519,,,,,,,,
521,Grupo 28,,2,,519,,,,,,,,
522,Grupo 29,,2,,519,,,,,,,,
523,Grupo 30,,2,,,,,,,,,,
524,Grupo 31,,2,,523,,,,,,,,
525,Grupo 32,,2,,524,,,,,,,,
526,Grupo 33,,2,,524,,,,,,,,
527,Grupo 34,,2,,524,,,,,,,,
528,Grupo 35,,2,,,,,,,,,,
529,Grupo 36,,2,,528,,,,,,,,
530,Grupo 37,,2,,529,,,,,,,,
531,Grupo 38,,2,,529,,,,,,,,
532,Grupo 39,,2,,529,,,,,,,,
533,Grupo 40,,2,,,,,,,,,,
534,Grupo 41,,2,,533,,,,,,,,
535,Grupo 42,,2,,534,,,,,,,,
536,Grupo 43,,2,,534,,,,,,,,
537,Grupo 44,,2,,534,,,,,,,,
538,Grupo 45,,2,,534,,,,,,,,
539,Grupo 46,,2,,,,,,,,,,
540,Grupo 47,,2,,539,,,,,,,,
541,Grupo 48,,2,,,,,,,,,,
542,Grupo 49,,2,,,,,,,,,,
543,Grupo 50,,2,,,,,,,,,,
544,Grupo 51,,2,,543,,,,,,,,
545,Grupo 52,,2,,,,,,,,,,
546,Grupo 53,,2,,,,,,,,,,
547,Grupo 54,,2,,546,,,,,,,,
548,Grupo 55,,2,,547,,,,,,,,
549,Grupo 56,,2,,,,,,,,,,
550,Grupo 57,,2,,549,,,,,,,,
551,Grupo 58,,2,,549,,,,,,,,
552,Grupo 59,,2,,,,,,,,,,
553,Grupo 60,,2,,,,,,,,,,
554,Grupo 61,,2,,553,,,,,,,,
555,Grupo 62,,2,,,,,,,,,,
556,Grupo 63,,2,,555,,,,,,,,
557,Grupo 64,,2,,,,,,,,,,
558,Grupo 65,,2,,557,,,,,,,,
559,Grupo 66,,2,,558,,,,,,,,
560,Grupo 67,,2,,,,,,,,,,
561,Grupo 68,,2,,560,,,,,,,,
562,Grupo 69,,2,,561,,,,,,,,
563,Grupo 70,,2,,561,,,,,,,,
564,Grupo 71,,2,,561,,,,,,,,
565,Grupo 72,,2,,,,,,,,,,
566,Grupo 73,,2,,,,,,,,,,
567,Grupo 74,,2,,,,,,,,,,
568,Grupo 75,,2,,,,,,,,,,
569,Grupo 76,,2,,,,,,,,,,
570,Grupo 77,,2,,,,,,,,,,
571,Grupo 78,,2,,,,,,,,,,
572,Grupo 79,,2,,,,,,,,,,
573,Grupo 80,,2,,572,,,,,,,,
574,Grupo 81,,2,,573,,,,,,,,
575,Grupo 82,,2,,,,,,,,,,
576,Grupo 83,,2,,575,,,,,,,,
577,Grupo 84,,2,,575,,,,,,,,